35642185,2019-10-21T06:30:00,2019-10-21T17:30:00
35642185,2019-10-22T06:30:00,2019-10-22T17:30:00
35642185,2019-10-23T06:30:00,2019-10-23T17:30:00
55676585,2019-10-21T06:30:00,2019-10-21T17:30:00
55676585,2019-10-22T06:30:00,2019-10-22T17:30:00
25676585,2019-10-21T06:30:00,2019-10-21T17:30:00
25676585,2019-10-22T06:30:00,2019-10-22T17:30:00
44676585,2019-10-21T06:30:00,2019-10-21T17:30:00
44676585,2019-10-22T06:30:00,2019-10-22T17:30:00
18676585,2019-10-21T06:30:00,2019-10-21T17:30:00
18676585,2019-10-22T06:30:00,2019-10-22T17:30:00
18676585,2019-10-23T06:30:00,2019-10-23T17:30:00
18676585,2019-10-24T06:30:00,2019-10-24T17:30:00
24566585,2019-10-21T06:30:00,2019-10-21T17:30:00
24566585,2019-10-22T06:30:00,2019-10-22T17:30:00
24566585,2019-10-23T06:30:00,2019-10-23T17:30:00
35789585,2019-10-21T06:30:00,2019-10-21T17:30:00
35789585,2019-10-22T06:30:00,2019-10-22T17:30:00
31236585,2019-10-21T06:30:00,2019-10-21T17:30:00
31236585,2019-10-22T06:30:00,2019-10-22T17:30:00
32456585,2019-10-21T06:30:00,2019-10-21T17:30:00
15676585,2019-10-21T06:30:00,2019-10-21T17:30:00
15676585,2019-10-22T06:30:00,2019-10-22T17:30:00
43213585,2019-10-21T06:30:00,2019-10-21T17:30:00
43213585,2019-10-22T06:30:00,2019-10-22T17:30:00
26558585,2019-10-21T06:30:00,2019-10-21T17:30:00
35006585,2019-10-21T06:30:00,2019-10-21T17:30:00
35006585,2019-10-22T06:30:00,2019-10-22T17:30:00
40000085,2019-10-21T06:30:00,2019-10-21T17:30:00
